{"cameraMode":{"drawMode":0,"name":"Shaded","section":"Shading Mode"},"sceneLighting":false,"audioPlay":false,"sceneViewState":{"showFog":false,"showMaterialUpdate":false,"showSkybox":false,"showFlares":false,"showImageEffects":false,"showParticleSystems":false,"showVisualEffectGraphs":true,"m_FxEnabled":true},"in2DMode":false,"pivot":{"x":0.0002499818801879883,"y":1.000249981880188,"z":0.0002499818801879883},"rotation":{"x":-0.09857184439897537,"y":-0.833350419998169,"z":0.5205152630805969,"w":-0.15787546336650849},"size":1.4801239967346192,"orthographic":false}