{"cameraMode":{"drawMode":0,"name":"Shaded","section":"Shading Mode"},"sceneLighting":true,"audioPlay":false,"sceneViewState":{"showFog":false,"showMaterialUpdate":false,"showSkybox":false,"showFlares":false,"showImageEffects":false,"showParticleSystems":false,"showVisualEffectGraphs":true,"m_FxEnabled":true},"in2DMode":false,"pivot":{"x":302.39776611328127,"y":254.57650756835938,"z":30.0626220703125},"rotation":{"x":-0.23215405642986298,"y":-0.012549109756946564,"z":0.0029973997734487058,"w":-0.9726026058197022},"size":242.44259643554688,"orthographic":false}